{
  "name": "tcc:tundra_keep/left_rooms",
  "fallback": "minecraft:empty",
  "elements": [{
      "weight": 1,
      "element": {
        "location": "tcc:tundra_keep/library",
        "processors": "tcc:crack_10_percent",
        "projection": "rigid",
        "element_type": "minecraft:single_pool_element"
      }
    },
    {
      "weight": 1,
      "element": {
        "location": "tcc:tundra_keep/forge",
        "processors": "tcc:crack_10_percent",
        "projection": "rigid",
        "element_type": "minecraft:single_pool_element"
      }
    }
  ]
}