{
  "name": "tcc:tundra_keep/right_rooms",
  "fallback": "minecraft:empty",
  "elements": [{
      "weight": 1,
      "element": {
        "location": "tcc:tundra_keep/flower_room",
        "processors": "tcc:crack_10_percent",
        "projection": "rigid",
        "element_type": "minecraft:single_pool_element"
      }
    },
    {
      "weight": 1,
      "element": {
        "location": "tcc:tundra_keep/ice_storage",
        "processors": "tcc:crack_10_percent",
        "projection": "rigid",
        "element_type": "minecraft:single_pool_element"
      }
    }
  ]
}