{
    "condition": "minecraft:inverted",
    "term": {
        "condition": "minecraft:alternative",
        "terms": [
            {
                "condition": "minecraft:weather_check",
                "thundering": true
            },
            {
                "condition": "minecraft:time_check",
                "value": {
                    "min": 13000,
                    "max": 23000
                },
                "period": 24000
            }
        ]
    }
}