[
    {
        "condition": "minecraft:entity_properties",
        "entity": "this",
        "predicate": {
            "nbt": "{AngerTime:0}"
        }
    },
    {
        "condition": "minecraft:alternative",
        "terms": [
            {
                "condition": "minecraft:entity_properties",
                "entity": "this",
                "predicate": {
                    "type": "minecraft:zombified_piglin"
                }
            },
            {
                "condition": "minecraft:entity_properties",
                "entity": "this",
                "predicate": {
                    "type": "minecraft:enderman"
                }
            }
        ]
    }
]